tweet_id,text,timestamp,author,likes,retweets,reply_count,views
2086859117306507764,Weekly review of oil prices in Azerbaijan https://www.trend.az/business/energy/4213988.html,2026-08-10 16:56:00 UTC,Trend News Agency,0,0,0,113
2087924996370739208,"Bloomberg | ""As long as needed"": Defense Secretary Hegseth vows the US will maintain its blockade on Iran, as Washington dispatches a fresh aircraft carrier to the Middle East to ease fleet strain.",2026-08-13 15:31:25 UTC,Hexagone Intel,1,1,0,169
2087102204888928690,"Trump hidden in catering truck in secret plane swap over Iran threat, reports say https://bbc.in/3S5Fbap",2026-08-11 09:01:56 UTC,BBC News (World),5474,1300,0,1278036
2086426486295179723,Israel rejects US President Donald Trump's peace plan for Gaza https://bbc.in/4wQI0LR,2026-08-09 12:16:52 UTC,BBC Breaking News,4186,1581,0,3123193
2086490243209871712,Iran says Oman deal is in 'final stages' but US must act to open Hormuz http://reut.rs/3TGRg6B http://reut.rs/3TGRg6B,2026-08-09 16:30:13 UTC,Reuters,98,28,0,82800
2086705405493641362,"Dollar climbs from two-month trough as oil gains, inflation data eyed http://reut.rs/4g0r5iq http://reut.rs/4g0r5iq",2026-08-10 06:45:12 UTC,Reuters,53,9,0,52389
2086621770635759959,CNBC Daily Open: Washington and Tehran both play it cool — but markets can't https://www.cnbc.com/2026/08/10/trump-iran-deal-hormuz-netanyahu-gaza-berkshire-hathaway-meta-china-.html?taid=6a792594edabdd00016e7e99&utm_campaign=trueanthem&utm_content=main&utm_medium=social&utm_source=twitter,2026-08-10 01:12:52 UTC,CNBC,31,10,0,53385
2087173049342664723,"The U.S. and Iran are close to “some sort of arrangement” over the Strait of Hormuz, a senior Pakistani minister has said.  Pakistan’s defense minister, Khawaja Asif, told reporters on Tuesday that “things are shaping up again in favor of a peace arrangement or a deal,” per Bloomberg News.  The developments came even as Washington and Tehran appeared to harden their negotiating stance.  Read more: http://cnb.cx/4zaOMxh",2026-08-11 13:43:27 UTC,CNBC,105,25,0,46736
2087810487341748599,"The U.S. has long miscalculated due to intelligence failures. Case in point: The war on Iran. Now, an even bigger miscalculation on the Strait of Hormuz.   Worse than fake news is fake intelligence. Be careful.   Allah is Great, Greater than ANY power on Earth. In Allah we trust.",2026-08-13 07:56:24 UTC,Seyed Abbas Araghchi,19373,3460,0,569166
2088014072352514091,"Aug 13 (Reuters) - Abu Dhabi National Oil Company said two of its vessels were attacked while transiting the Strait of Hormuz on Thursday evening, with no injuries reported, as the United Arab Emirates accused Iran of carrying out the attack.",2026-08-13 21:25:22 UTC,Idrees Ali,27,15,0,8852
2087910558867562513,"JMIC | Hormuz Strait over the last 48h (13/08) : IRGC attacks, attempted attacks, and/or harassment activity persisted (notwithstanding a lack of confirmed reports) including hailing, UAV overflight, and targeted surveillance of merchant shipping. These actions continue to",2026-08-13 14:34:03 UTC,Hexagone Intel,2,1,0,944
2087161228158235109,BREAKING: Footage shows Iranian island beaches completely black with oil after multiple tankers exploded in the Strait of Hormuz.,2026-08-11 12:56:29 UTC,The Hormuz Letter,5794,1333,0,2637707
2087743910609138011,"Bloomberg | Despite the ongoing conflict, Javier Blas reports that the Strait of Hormuz remains partially open: while tanker trackers estimate around 5m b/d and US Energy Secretary Chris Wright claims up to 9m b/d is leaking out, significant oil continues flowing out alongside",2026-08-13 03:31:51 UTC,Hexagone Intel,0,1,0,409
2086060184019906689,UAE says Iran attacked ADNOC vessel with missile in Strait of Hormuz http://reut.rs/4q52XA4 http://reut.rs/4q52XA4,2026-08-08 12:01:19 UTC,Reuters,112,45,0,189388
2087874234185826478,"Fars | Oil spill cleanup operations along the southern coast and waters of Qeshm Island have reached their final stages, with most affected areas cleared while monitoring continues to handle any remaining residue.",2026-08-13 12:09:42 UTC,Hexagone Intel,0,0,0,154
2088369434737975402,President Trump urged Americans to accept slightly higher gasoline prices as the cost of preventing Iran from obtaining a nuclear weapon and said he would soon declare the Strait of Hormuz a US territory https://reut.rs/3TP3Qkj,2026-08-14 20:57:27 UTC,Reuters,270,109,0,132189
2086173755240312917,"The United Arab Emirates has accused Iran of striking a tanker owned by the Abu Dhabi National Oil Company (ADNOC) with a missile as it crossed the Strait of Hormuz, drawing swift condemnation from Gulf and Arab governments. https://aje.news/0stbir",2026-08-08 19:32:37 UTC,Al Jazeera English,83,23,0,76839
2087617431539720440,"@drewmasonxx Okay, here: https://www.reuters.com/world/middle-east/suspected-oil-spill-seen-satellite-images-near-irans-kharg-island-export-hub-2026-05-08/  ""Cause of the slick is unknown"" and ""Iran says it was dumped by a tanker"" say all the official news sources but look at it and you tell me what you think happened.  Kharg couldn't move oil, couldn't shut down the pumps. So what do they do?",2026-08-12 19:09:16 UTC,Dain Little,58,2,0,3115
2088088850665005109,"Bessent Remarks on Iran  On August 13, 2026, Bessent said in an interview on Newsmax’s “Rob Schmitt Tonight” that the U.S. will apply measures on Iran “like have never been seen in the history of economic isolation on a country.” He added: “Watch this space for more announcements coming next week.”  He specifically described it as “a combination of economic isolation like the world has never seen before, and the continued blockade in the Strait of Hormuz that will keep anything from going in or out of the Iranian ports.”  This fits into the broader Trump administration strategy of heavy economic pressure on Iran (often referred to in earlier comments as “Operation Economic Fury” or similar efforts), layered on top of existing sanctions, secondary sanctions threats, and the naval/port blockade related to the Strait of Hormuz. The comments come amid ongoing tensions involving Iran, energy flows through the Strait, and efforts to increase pressure without (or alongside) further military escalation.  Major outlets including Reuters, U.S. News, Times of Israel, Arab News, and others reported the statements on the same day. Further details on the specific new measures are expected next week, per Bessent.",2026-08-14 02:22:31 UTC,MartyParty,46,4,0,13362
2087000021896237349,Donald Trump hiding in a catering truck.,2026-08-11 02:15:54 UTC,Mad Genius 🇻🇮🇵🇷🇺🇸,101,37,0,123507
2087880466221105439,"Fox News | Tensions remain high in the Middle East with no diplomatic breakthrough in sight. Iran insists the Strait of Hormuz will remain blocked until its conditions are met, while President Trump says the U.S. has ""total control"" of the critical waterway.",2026-08-13 12:34:28 UTC,Hexagone Intel,2,2,0,303
2086178150426488915,"In an interview with Al Jazeera, Masrour Barzani denies any ‘pressure’ to enter the Iran war despite over 1,000 attacks. https://aje.news/8g274c",2026-08-08 19:50:05 UTC,Al Jazeera English,33,11,0,92310
2086777105614852490,🔊 The Iran war is registering in Wisconsin’s 3rd. ‘A big surprise to me was ... Republicans saying that we really needed to end the war with Iran because it was hurting their local economy.’ @ReneeNHickman on the Reuters World News podcast https://reut.rs/4g004Ml,2026-08-10 11:30:07 UTC,Reuters,44,17,0,58419
2087152647803699246,"Aug 11 (Reuters) - The U.S. and Iran are close to ""some sort of an arrangement,"" Pakistan's defence minister,  told Bloomberg  on Tuesday.  ""Things are shaping up again in favour of a peace arrangement or a deal,""  Asif told Bloomberg News.   ""The signals in the last two three days are that we are close to some sort of an arrangement,"" he added.",2026-08-11 12:22:23 UTC,Tala Ramadan,3,4,0,4903
2087927603948630451,"WSJ | U.S. is deploying the aircraft carrier USS George Washington to relieve the USS Abraham Lincoln, which has been at sea for over 250 days amid ongoing tensions with Iran.",2026-08-13 15:41:47 UTC,Hexagone Intel,0,0,0,181
2087723137748152736,"CNN | IEA says reopening the Strait of Hormuz is becoming more pressing as the world burns through oil stockpiles rapidly. Global oil inventories fell 2.2mbd last month, dropping below 7.9B barrels for the first time since April 2025. The global deficit is now expected to hit",2026-08-13 02:09:18 UTC,Hexagone Intel,0,1,0,460
2086304711884644520,"Fires Hit Saudi Aramco Gas Plant in Jubail and Jizan Refinery   August 9, 2026  🔹 NASA satellite data confirmed a significant thermal event at the Berri Gas Plant near Jubail, one of the world’s largest petrochemical hubs, with fire power reaching approximately 125 MW.  🔹 Arab sources reported gas facilities targeted in an explosion, though Saudi officials have not confirmed the cause amid social media claims linking it to Yemen’s Houthis.  🔹 Separately, a fire at a Saudi Aramco facility belonging to the Jizan refinery was quickly extinguished by industrial firefighting teams with no fatalities or injuries reported.  🔹 The Jizan incident occurred days after earlier disruptions in the region and follows Saudi Arabia’s recent defense pact with Turkey and Pakistan.  #SaudiAramco #BerriGasPlant #JizanRefinery #OilMarkets #EnergyUpdate #MiddleEast",2026-08-09 04:12:59 UTC,Markets Today,1,0,0,836
2087874382316077525,"Iran's state media mock Trump over airplane switch, meme shows him hiding in a catering truck https://reut.rs/45p8JmA https://reut.rs/45p8JmA",2026-08-13 12:10:18 UTC,Reuters,123,37,0,71383
